thr1,thr2,slope,beta,full,last,combined
0.3,0.65,10,0.9,0.541611941051145,1.0,0.6791283587358015
0.3,0.65,10,0.95,0.5566966076062051,1.0,0.6896876253243436
0.3,0.65,10,1.0,0.5656952846018761,0.9532971347317711,0.6819758396408446
0.3,0.65,10,1.05,0.5684891541170222,0.8002253049900439,0.6380099993789287
0.3,0.65,10,1.1,0.5668116019879511,0.6713515486597135,0.5981735859894798
0.3,0.65,20,0.9,0.5423791003773717,1.0,0.6796653702641602
0.3,0.65,20,0.95,0.5558688646395399,1.0,0.6891082052476779
0.3,0.65,20,1.0,0.564408870292468,0.9999512616829211,0.6950715877096039
0.3,0.65,20,1.05,0.5662996011512361,0.8408539492507787,0.6486659055810988
0.3,0.65,20,1.1,0.5631866719465795,0.7070691398288227,0.6063514123112524
0.3,0.65,40,0.9,0.5432701402914405,1.0,0.6802890982040083
0.3,0.65,40,0.95,0.5557784741431794,1.0,0.6890449319002255
0.3,0.65,40,1.0,0.5650786727927979,1.0,0.6955550709549585
0.3,0.65,40,1.05,0.5658431541569695,0.8408964152537148,0.6483591324859931
0.3,0.65,40,1.1,0.5621140561481901,0.707106781186548,0.6056118736596974
0.3,0.65,60,0.9,0.5437407525037454,1.0,0.6806185267526217
0.3,0.65,60,0.95,0.556178288300506,1.0,0.6893248018103542
0.3,0.65,60,1.0,0.565509596323915,1.0,0.6958567174267405
0.3,0.65,60,1.05,0.5660302223513898,0.8408964152537148,0.6484900802220872
0.3,0.65,60,1.1,0.561750455154209,0.707106781186548,0.6053573529639107
0.3,0.7,10,0.9,0.5409342393670334,1.0,0.6786539675569234
0.3,0.7,10,0.95,0.5570281327688138,1.0,0.6899196929381697
0.3,0.7,10,1.0,0.5667823945466826,0.9532971347317711,0.6827368166022091
0.3,0.7,10,1.05,0.5700700014432436,0.8002253049900439,0.6391165925072837
0.3,0.7,10,1.1,0.5685635632830685,0.6713515486597135,0.5993999588960619
0.3,0.7,20,0.9,0.5414252151918306,1.0,0.6789976506342814
0.3,0.7,20,0.95,0.5556387010096953,1.0,0.6889470907067867
0.3,0.7,20,1.0,0.5646664767287941,0.9999511735470453,0.6952518857742694
0.3,0.7,20,1.05,0.5669403620750033,0.8408538751377151,0.6491144159938169
0.3,0.7,20,1.1,0.5639330962086754,0.707069077507523,0.6068738905983296
0.3,0.7,40,0.9,0.5418588350057223,1.0,0.6793011845040056
0.3,0.7,40,0.95,0.5549407744801163,1.0,0.6884585421360814
0.3,0.7,40,1.0,0.564272459034328,1.0,0.6949907213240296
0.3,0.7,40,1.05,0.56534389487253,0.8408964152537148,0.6480096509868853
0.3,0.7,40,1.1,0.5619674257583201,0.707106781186548,0.6055092323867886
0.3,0.7,60,0.9,0.5424257281578551,1.0,0.6796980097104985
0.3,0.7,60,0.95,0.5552218823058681,1.0,0.6886553176141077
0.3,0.7,60,1.0,0.5644293797482043,1.0,0.695100565823743
0.3,0.7,60,1.05,0.5652064864002798,0.8408964152537148,0.6479134650563103
0.3,0.7,60,1.1,0.5615780119997446,0.707106781186548,0.6052366427557856
0.3,0.75,10,0.9,0.5402694598955452,1.0,0.6781886219268816
0.3,0.75,10,0.95,0.5570079627365496,1.0,0.6899055739155847
0.3,0.75,10,1.0,0.5677555308216929,0.9532971347317711,0.6834180119947164
0.3,0.75,10,1.05,0.5714454265789062,0.8002253049900439,0.6400793901022475
0.3,0.75,10,1.1,0.5701863664509903,0.6713515486597135,0.6005359211136072
0.3,0.75,20,0.9,0.5406687287912935,1.0,0.6784681101539054
0.3,0.75,20,0.95,0.5549035112149094,1.0,0.6884324578504366
0.3,0.75,20,1.0,0.5650449940501133,0.9999511735470453,0.6955168478991929
0.3,0.75,20,1.05,0.5675130449917553,0.8408538751377151,0.6495152940355432
0.3,0.75,20,1.1,0.5641789875966475,0.707069077507523,0.6070460145699101
0.3,0.75,40,0.9,0.5403999775986619,1.0,0.6782799843190632
0.3,0.75,40,0.95,0.554159526887204,1.0,0.6879116688210428
0.3,0.75,40,1.0,0.5646112314095648,1.0,0.6952278619866954
0.3,0.75,40,1.05,0.5658378607050758,0.8408964152537148,0.6483554270696674
0.3,0.75,40,1.1,0.5621772382925679,0.707106781186548,0.605656101160762
0.3,0.75,60,0.9,0.5407090162832522,1.0,0.6784963113982765
0.3,0.75,60,0.95,0.5545049575020671,1.0,0.6881534702514469
0.3,0.75,60,1.0,0.5649834469402967,1.0,0.6954884128582076
0.3,0.75,60,1.05,0.5660705112807711,0.8408964152537148,0.6485182824726542
0.3,0.75,60,1.1,0.5621927677895341,0.707106781186548,0.6056669718086383
0.3,0.8,10,0.9,0.5395989161817412,1.0,0.6777192413272188
0.3,0.8,10,0.95,0.55688352447674,1.0,0.689818467133718
0.3,0.8,10,1.0,0.5685071059222078,0.9532971347317711,0.6839441145650768
0.3,0.8,10,1.05,0.5726506561791904,0.8002253049900439,0.6409230508224464
0.3,0.8,10,1.1,0.5716360901855502,0.6713515486597135,0.6015507277277992
0.3,0.8,20,0.9,0.5402253963449681,1.0,0.6781577774414776
0.3,0.8,20,0.95,0.5540915369647625,1.0,0.6878640758753338
0.3,0.8,20,1.0,0.5653911017699047,0.9999511735470453,0.6957591233030469
0.3,0.8,20,1.05,0.5680697047957142,0.8408538751377151,0.6499049558983144
0.3,0.8,20,1.1,0.5646152012753946,0.707069077507523,0.607351364145033
0.3,0.8,40,0.9,0.5398281826833321,1.0,0.6778797278783324
0.3,0.8,40,0.95,0.553601060200318,1.0,0.6875207421402225
0.3,0.8,40,1.0,0.5641679897212516,1.0,0.6949175928048761
0.3,0.8,40,1.05,0.5658693973876755,0.8408964152537148,0.6483775027474873
0.3,0.8,40,1.1,0.5621714936759848,0.707106781186548,0.6056520799291538
0.3,0.8,60,0.9,0.5400691511740168,1.0,0.6780484058218117
0.3,0.8,60,0.95,0.5538180920351132,1.0,0.6876726644245792
0.3,0.8,60,1.0,0.5641782463299013,1.0,0.6949247724309309
0.3,0.8,60,1.05,0.5658213213746224,0.8408964152537148,0.64834384953835
0.3,0.8,60,1.1,0.5619841715312679,0.707106781186548,0.6055209544278519
0.3,0.85,10,0.9,0.539411655656009,1.0,0.6775881589592063
0.3,0.85,10,0.95,0.5567105077822194,1.0,0.6896973554475536
0.3,0.85,10,1.0,0.5691028962040701,0.953297051473543,0.6843611427849119
0.3,0.85,10,1.05,0.5736689543548243,0.800225235177602,0.6416358386016576
0.3,0.85,10,1.1,0.5731559670630526,0.6713514315835692,0.6026146064192076
0.3,0.85,20,0.9,0.5398948631718178,1.0,0.6779264042202724
0.3,0.85,20,0.95,0.5541418548573177,1.0,0.6878992984001224
0.3,0.85,20,1.0,0.5654638096586319,0.9999511735470453,0.6958100188251559
0.3,0.85,20,1.05,0.5692138119494295,0.8408538751377151,0.6507058309059153
0.3,0.85,20,1.1,0.5660726333825126,0.707069077507523,0.6083715666200157
0.3,0.85,40,0.9,0.5411057318602924,1.0,0.6787740123022047
0.3,0.85,40,0.95,0.554319285737049,1.0,0.6880235000159343
0.3,0.85,40,1.0,0.5652344408415085,1.0,0.6956641085890559
0.3,0.85,40,1.05,0.5672774153980449,0.8408964152537148,0.6493631153547459
0.3,0.85,40,1.1,0.5632286007337529,0.707106781186548,0.6063920548695914
0.3,0.85,60,0.9,0.5412115988968568,1.0,0.6788481192277998
0.3,0.85,60,0.95,0.5547755651268566,1.0,0.6883428955887996
0.3,0.85,60,1.0,0.5651870923270691,1.0,0.6956309646289484
0.3,0.85,60,1.05,0.5667928755350145,0.8408964152537148,0.6490239374506246
0.3,0.85,60,1.1,0.5625436392494252,0.707106781186548,0.605912581830562
0.3,0.9,10,0.9,0.5396680520850743,1.0,0.677767636459552
0.3,0.9,10,0.95,0.5570687874113086,1.0,0.689948151187916
0.3,0.9,10,1.0,0.5693422333545293,0.9532971347317711,0.6845287037677018
0.3,0.9,10,1.05,0.5744102013126968,0.8002253049900439,0.6421547324159009
0.3,0.9,10,1.1,0.5742702935428656,0.6713515486597135,0.60339467007792
0.3,0.9,20,0.9,0.5404264476727465,1.0,0.6782985133709225
0.3,0.9,20,0.95,0.5545990293955781,1.0,0.6882193205769047
0.3,0.9,20,1.0,0.5661555418946629,0.9999512616829211,0.6962942578311404
0.3,0.9,20,1.05,0.5708255255473957,0.8408540233660634,0.651834074892996
0.3,0.9,20,1.1,0.5680701103990402,0.7070692021520779,0.6097698379249515
0.3,0.9,40,0.9,0.5419156521830284,1.0,0.6793409565281199
0.3,0.9,40,0.95,0.5555507622121489,1.0,0.6888855335485042
0.3,0.9,40,1.0,0.5672327592990448,1.0,0.6970629315093313
0.3,0.9,40,1.05,0.570039312774064,0.8408964152537148,0.6512964435179592
0.3,0.9,40,1.1,0.5665075373849319,0.707106781186548,0.6086873105254167
0.3,0.9,60,0.9,0.5434900590593676,1.0,0.6804430413415573
0.3,0.9,60,0.95,0.5570082782209677,1.0,0.6899057947546774
0.3,0.9,60,1.0,0.5683897260122381,1.0,0.6978728082085667
0.3,0.9,60,1.05,0.5712300970090382,0.8408964152537148,0.6521299924824411
0.3,0.9,60,1.1,0.5668580767136019,0.707106781186548,0.6089326880554857
0.4,0.65,10,0.9,0.5372331511020705,1.0,0.6760632057714493
0.4,0.65,10,0.95,0.5529285343403917,0.9735203497453215,0.6791060789618706
0.4,0.65,10,1.0,0.5642474599958942,0.8816532793359313,0.6594692057979052
0.4,0.65,10,1.05,0.5709764228808588,0.7382640499766717,0.6211627110096026
0.4,0.65,10,1.1,0.5722881733908154,0.6171773492291078,0.5857549261423031
0.4,0.65,20,0.9,0.5331433067370809,1.0,0.6732003147159566
0.4,0.65,20,0.95,0.5496130209778294,1.0,0.6847291146844805
0.4,0.65,20,1.0,0.5615884660560746,0.9996398067744758,0.6930038682715949
0.4,0.65,20,1.05,0.566570624582743,0.840581755734187,0.6487739639281762
0.4,0.65,20,1.1,0.5675087962247456,0.7068294177104082,0.6093049826704443
0.4,0.65,40,0.9,0.5310131484236076,1.0,0.6717092038965253
0.4,0.65,40,0.95,0.5462451153162031,1.0,0.6823715807213422
0.4,0.65,40,1.0,0.5581949655817221,1.0,0.6907364759072054
0.4,0.65,40,1.05,0.5625016091786917,0.8408964152537148,0.6460200510011986
0.4,0.65,40,1.1,0.5613745308340315,0.707106781186548,0.6050942059397865
0.4,0.65,60,0.9,0.5301497157285708,1.0,0.6711048010099996
0.4,0.65,60,0.95,0.5450281618370966,1.0,0.6815197132859676
0.4,0.65,60,1.0,0.556269273213329,1.0,0.6893884912493302
0.4,0.65,60,1.05,0.5601315050544775,0.8408964152537148,0.6443609781142488
0.4,0.65,60,1.1,0.5581212575089638,0.707106781186548,0.6028169146122391
0.4,0.7,10,0.9,0.5362574796694871,1.0,0.6753802357686409
0.4,0.7,10,0.95,0.5533666958332486,0.9735203497453215,0.6794127920068704
0.4,0.7,10,1.0,0.5654773206729415,0.8816532793359313,0.6603301082718385
0.4,0.7,10,1.05,0.5724183304621757,0.7382640499766717,0.6221720463165245
0.4,0.7,10,1.1,0.5738650331846051,0.6171773492291078,0.5868587279979559
0.4,0.7,20,0.9,0.5320986888953142,1.0,0.6724690822267199
0.4,0.7,20,0.95,0.5493850264201687,1.0,0.6845695184941181
0.4,0.7,20,1.0,0.5618759574554284,0.9996398067744758,0.6932051122511427
0.4,0.7,20,1.05,0.5671721909746404,0.840581755734187,0.6491950604025043
0.4,0.7,20,1.1,0.5682802880466119,0.7068294177104082,0.6098450269457507
0.4,0.7,40,0.9,0.5296012515870452,1.0,0.6707208761109316
0.4,0.7,40,0.95,0.5454077269320727,1.0,0.6817854088524509
0.4,0.7,40,1.0,0.5573889035745091,1.0,0.6901722325021563
0.4,0.7,40,1.05,0.5619993456074414,0.8408964152537148,0.6456684665013234
0.4,0.7,40,1.1,0.5612278434244619,0.707106781186548,0.6049915247530877
0.4,0.7,60,0.9,0.5288346934728207,1.0,0.6701842854309745
0.4,0.7,60,0.95,0.5440717577710266,1.0,0.6808502304397186
0.4,0.7,60,1.0,0.5551890566581056,1.0,0.6886323396606739
0.4,0.7,60,1.05,0.5593077138688154,0.8408964152537148,0.6437843242842851
0.4,0.7,60,1.1,0.5579488184425175,0.707106781186548,0.6026962072657267
0.4,0.75,10,0.9,0.5354422730426138,1.0,0.6748095911298296
0.4,0.75,10,0.95,0.553306146708031,0.9735203497453215,0.6793704076192182
0.4,0.75,10,1.0,0.5665296139089099,0.8816532793359313,0.6610667135370163
0.4,0.75,10,1.05,0.5737860464166276,0.7382640499766717,0.6231294474846408
0.4,0.75,10,1.1,0.5752768810230674,0.6171773492291078,0.5878470214848796
0.4,0.75,20,0.9,0.5313031019327742,1.0,0.6719121713529419
0.4,0.75,20,0.95,0.5486561038791207,1.0,0.6840592727153845
0.4,0.75,20,1.0,0.5622613345009239,0.9996398067744758,0.6934748761829894
0.4,0.75,20,1.05,0.5677322746565964,0.840581755734187,0.6495871189798735
0.4,0.75,20,1.1,0.5685251563417367,0.7068294177104082,0.6100164347523381
0.4,0.75,40,0.9,0.5281423127335826,1.0,0.6696996189135078
0.4,0.75,40,0.95,0.5446265306451155,1.0,0.6812385714515807
0.4,0.75,40,1.0,0.5577276985887462,1.0,0.6904093890121223
0.4,0.75,40,1.05,0.5624928902099484,0.8408964152537148,0.6460139477230783
0.4,0.75,40,1.1,0.561437656628686,0.707106781186548,0.6051383939960446
0.4,0.75,60,0.9,0.5271179826179192,1.0,0.6689825878325434
0.4,0.75,60,0.95,0.5433548326388937,1.0,0.6803483828472257
0.4,0.75,60,1.0,0.5557431239785097,1.0,0.6890201867849568
0.4,0.75,60,1.05,0.5601717302095032,0.8408964152537148,0.6443891357227667
0.4,0.75,60,1.1,0.5585635714608003,0.707106781186548,0.6031265343785246
0.4,0.8,10,0.9,0.5347563624004465,1.0,0.6743294536803126
0.4,0.8,10,0.95,0.5532083093404663,0.9735203497453215,0.6793019214619228
0.4,0.8,10,1.0,0.5673784892421427,0.8816532793359313,0.6616609262702793
0.4,0.8,10,1.05,0.5748930497552168,0.7382640499766717,0.6239043498216533
0.4,0.8,10,1.1,0.5767227739482492,0.6171773492291078,0.5888591465325068
0.4,0.8,20,0.9,0.5308447436041626,1.0,0.6715913205229138
0.4,0.8,20,0.95,0.547847147124491,1.0,0.6834930029871437
0.4,0.8,20,1.0,0.5626025604263398,0.9996398067744758,0.6937137343307807
0.4,0.8,20,1.05,0.5682812519134922,0.840581755734187,0.6499714030597006
0.4,0.8,20,1.1,0.5689615291024598,0.7068294177104082,0.6103218956848443
0.4,0.8,40,0.9,0.5275705061926097,1.0,0.6692993543348267
0.4,0.8,40,0.95,0.5440680715630051,1.0,0.6808476500941035
0.4,0.8,40,1.0,0.5572844578397331,1.0,0.6900991204878131
0.4,0.8,40,1.05,0.5625243618367028,0.8408964152537148,0.6460359778618063
0.4,0.8,40,1.1,0.5614318990870129,0.707106781186548,0.6051343637168733
0.4,0.8,60,0.9,0.5264781150053075,1.0,0.6685346805037152
0.4,0.8,60,0.95,0.5426679654975249,1.0,0.6798675758482674
0.4,0.8,60,1.0,0.5549379193975098,1.0,0.6884565435782568
0.4,0.8,60,1.05,0.5599225393514057,0.8408964152537148,0.6442147021220984
0.4,0.8,60,1.1,0.5583549754045619,0.707106781186548,0.6029805171391578
0.4,0.85,10,0.9,0.5344910199653318,1.0,0.6741437139757323
0.4,0.85,10,0.95,0.5531076372325496,0.9735203497453215,0.6792314509863812
0.4,0.85,10,1.0,0.5680589326172758,0.8816533612356975,0.6621372612028023
0.4,0.85,10,1.05,0.5760386590572564,0.7382641185935753,0.624706296918152
0.4,0.85,10,1.1,0.5782999900042513,0.6171774067174014,0.5899632150181963
0.4,0.85,20,0.9,0.5305094640542996,1.0,0.6713566248380096
0.4,0.85,20,0.95,0.5478981081628345,1.0,0.683528675713984
0.4,0.85,20,1.0,0.5626727349265226,0.9996398067159955,0.6937628564633644
0.4,0.85,20,1.05,0.5694244556710929,0.8405817556825317,0.6507716456745245
0.4,0.85,20,1.1,0.5704187405615188,0.7068294176649301,0.6113419436925421
0.4,0.85,40,0.9,0.5288480524649081,1.0,0.6701936367254356
0.4,0.85,40,0.95,0.5447862957176733,1.0,0.6813504070023713
0.4,0.85,40,1.0,0.5583509147089006,1.0,0.6908456402962304
0.4,0.85,40,1.05,0.5639323826290568,0.8408964152537148,0.6470215924164542
0.4,0.85,40,1.1,0.5624890142460591,0.707106781186548,0.6058743443282057
0.4,0.85,60,0.9,0.5276205646513259,1.0,0.6693343952559281
0.4,0.85,60,0.95,0.5436254401543027,1.0,0.6805378081080118
0.4,0.85,60,1.0,0.5559467661099673,1.0,0.689162736276977
0.4,0.85,60,1.05,0.5608940906701539,0.8408964152537148,0.6448947880452222
0.4,0.85,60,1.1,0.5589144442276325,0.707106781186548,0.6033721453153071
0.4,0.9,10,0.9,0.5348538745998676,1.0,0.6743977122199072
0.4,0.9,10,0.95,0.5534146176446627,0.9735202709425907,0.6794463136340411
0.4,0.9,10,1.0,0.5682835554053982,0.881653295958176,0.6622944775712315
0.4,0.9,10,1.05,0.5768491705667965,0.7382640645198614,0.6252736387527159
0.4,0.9,10,1.1,0.5796331855194935,0.6171773619245625,0.5908964384410141
0.4,0.9,20,0.9,0.531040121394931,1.0,0.6717280849764516
0.4,0.9,20,0.95,0.5483538784647412,1.0,0.6838477149253188
0.4,0.9,20,1.0,0.5633640862886461,0.9996398948788496,0.6942468288657071
0.4,0.9,20,1.05,0.5710362177686572,0.8405819039357063,0.6518999236187719
0.4,0.9,20,1.1,0.5724178143276681,0.7068295423313484,0.6127413327287722
0.4,0.9,40,0.9,0.5296579746672846,1.0,0.6707605822670992
0.4,0.9,40,0.95,0.5460177730045457,1.0,0.682212441103182
0.4,0.9,40,1.0,0.5603492316362363,1.0,0.6922444621453654
0.4,0.9,40,1.05,0.5666942752095097,0.8408964152537148,0.6489549172227711
0.4,0.9,40,1.1,0.5657679399791622,0.707106781186548,0.6081695923413779
0.4,0.9,60,0.9,0.5298990259022207,1.0,0.6709293181315545
0.4,0.9,60,0.95,0.5458581536602716,1.0,0.6821007075621901
0.4,0.9,60,1.0,0.5591494011311097,1.0,0.6914045807917768
0.4,0.9,60,1.05,0.5653313121466889,0.8408964152537148,0.6480008430787967
0.4,0.9,60,1.1,0.5632288808927809,0.707106781186548,0.606392250980911
0.5,0.65,10,0.9,0.5353552175114157,0.9128180708310308,0.6485940735073001
0.5,0.65,10,0.95,0.551144662905527,0.8333911859238534,0.6358186198110249
0.5,0.65,10,1.0,0.5628324034662563,0.730448154854452,0.613117128882715
0.5,0.65,10,1.05,0.5707870214419285,0.6095077926425865,0.5824032528021259
0.5,0.65,10,1.1,0.5759747673480926,0.5059010946027195,0.5549526655244806
0.5,0.65,20,0.9,0.5296864485711547,1.0,0.6707805139998082
0.5,0.65,20,0.95,0.5471076626345154,1.0,0.6829753638441607
0.5,0.65,20,1.0,0.560427761927232,0.9973443614163302,0.6915027417739614
0.5,0.65,20,1.05,0.5676111525782236,0.8385760161567155,0.6489006116517712
0.5,0.65,20,1.1,0.5725694784805804,0.7050626236056738,0.6123174220181083
0.5,0.65,40,0.9,0.5276760123364095,1.0,0.6693732086354867
0.5,0.65,40,0.95,0.5442773774247265,1.0,0.6809941641973085
0.5,0.65,40,1.0,0.5583485815495846,0.9999999118617937,0.6908439806432473
0.5,0.65,40,1.05,0.5660411306916859,0.8408963411386131,0.648497693825764
0.5,0.65,40,1.1,0.5707630829985719,0.7071067188634247,0.6116661737580278
0.5,0.65,60,0.9,0.5272160456485876,1.0,0.6690512319540113
0.5,0.65,60,0.95,0.5436759535725749,1.0,0.6805731675008024
0.5,0.65,60,1.0,0.5579431282204756,1.0,0.690560189754333
0.5,0.65,60,1.05,0.5657283673312303,0.8408964152537148,0.6482787817079756
0.5,0.65,60,1.1,0.5705587653709789,0.707106781186548,0.6115231701156496
0.5,0.7,10,0.9,0.5343793281984716,0.9128180708310308,0.6479109509882393
0.5,0.7,10,0.95,0.5516036503981828,0.8333912727132441,0.6361399370927012
0.5,0.7,10,1.0,0.5640306857639488,0.7304482271140724,0.6139559481689858
0.5,0.7,10,1.05,0.5722349029814866,0.6095078528049467,0.5834167879285246
0.5,0.7,10,1.1,0.5777515999418704,0.5059011446930328,0.5561964633672192
0.5,0.7,20,0.9,0.5287037267017988,1.0,0.6700926086912591
0.5,0.7,20,0.95,0.546723654379992,1.0,0.6827065580659943
0.5,0.7,20,1.0,0.5606698815597928,0.9973442734059292,0.6916721991136336
0.5,0.7,20,1.05,0.5682286335061414,0.8385759421544334,0.649332826100629
0.5,0.7,20,1.1,0.5731737799280535,0.7050625613819612,0.6127404143642258
0.5,0.7,40,0.9,0.5262664132089392,1.0,0.6683864892462574
0.5,0.7,40,0.95,0.5434342078811475,1.0,0.6804039455168032
0.5,0.7,40,1.0,0.5575402285536185,0.9999999118617937,0.690278133546071
0.5,0.7,40,1.05,0.5655407976566756,0.8408963411386131,0.648147460701257
0.5,0.7,40,1.1,0.5706083248708065,0.7071067188634247,0.611557843068592
0.5,0.7,60,0.9,0.5259012416280048,1.0,0.6681308691396033
0.5,0.7,60,0.95,0.5427194141491896,1.0,0.6799035899044327
0.5,0.7,60,1.0,0.5568628600297265,1.0,0.6898040020208085
0.5,0.7,60,1.05,0.5649047267093541,0.8408964152537148,0.6477022332726623
0.5,0.7,60,1.1,0.5703862531396521,0.707106781186548,0.6114024115537209
0.5,0.75,10,0.9,0.5335705551393211,0.9128180708310308,0.647344809846834
0.5,0.75,10,0.95,0.5516383116523634,0.8333911859238534,0.6361641739338104
0.5,0.75,10,1.0,0.5650273783242583,0.730448154854452,0.6146536112833164
0.5,0.75,10,1.05,0.5736167657452139,0.6095077926425865,0.5843840738144257
0.5,0.75,10,1.1,0.5790129755188922,0.5059010946027195,0.5570794112440404
0.5,0.75,20,0.9,0.5279201582253478,1.0,0.6695441107577433
0.5,0.75,20,0.95,0.5459738553487409,1.0,0.6821816987441186
0.5,0.75,20,1.0,0.5610197301691252,0.9973442734059292,0.6919170931401664
0.5,0.75,20,1.05,0.5687737346110151,0.8385759421544334,0.6497143968740406
0.5,0.75,20,1.1,0.5734687058867675,0.7050625613819612,0.6129468625353256
0.5,0.75,40,0.9,0.5248076574046304,1.0,0.6673653601832412
0.5,0.75,40,0.95,0.542652503799801,1.0,0.6798567526598607
0.5,0.75,40,1.0,0.5578786505264871,0.9999999118617937,0.690515028927079
0.5,0.75,40,1.05,0.566033787417606,0.8408963411386131,0.6484925535339081
0.5,0.75,40,1.1,0.5708172094351838,0.7071067188634247,0.611704062263656
0.5,0.75,60,0.9,0.5241845390709811,1.0,0.6669291773496867
0.5,0.75,60,0.95,0.5420024823503471,1.0,0.6794017376452429
0.5,0.75,60,1.0,0.5574169276900018,1.0,0.6901918493830013
0.5,0.75,60,1.05,0.5657687330835471,0.8408964152537148,0.6483070377345974
0.5,0.75,60,1.1,0.5710009943208914,0.707106781186548,0.6118327303805884
0.5,0.8,10,0.9,0.5331839286661829,0.9128180708310308,0.6470741713156372
0.5,0.8,10,0.95,0.5514429830432751,0.8333912727132441,0.6360274699442657
0.5,0.8,10,1.0,0.5662725999307531,0.7304482271140724,0.6155252880857489
0.5,0.8,10,1.05,0.5746678191774496,0.6095078528049467,0.5851198292656987
0.5,0.8,10,1.1,0.5805039442603399,0.5059011446930328,0.5581231043901478
0.5,0.8,20,0.9,0.5274626965910926,1.0,0.6692238876137648
0.5,0.8,20,0.95,0.5451519532640022,1.0,0.6816063672848015
0.5,0.8,20,1.0,0.5613923356282161,0.9973443612943493,0.692177943328056
0.5,0.8,20,1.05,0.5692839946945587,0.8385760901725855,0.6500716233379666
0.5,0.8,20,1.1,0.5739093396294084,0.7050627481719469,0.6132553621921699
0.5,0.8,40,0.9,0.5242358492521701,1.0,0.6669650944765191
0.5,0.8,40,0.95,0.5420939033962747,1.0,0.6794657323773923
0.5,0.8,40,1.0,0.5574356399986473,0.9999999118617937,0.6902049215575912
0.5,0.8,40,1.05,0.5660650966103176,0.8408963411386131,0.6485144699688062
0.5,0.8,40,1.1,0.5708113000393144,0.7071067188634247,0.6116999256865474
0.5,0.8,60,0.9,0.523544675481543,1.0,0.6664812728370801
0.5,0.8,60,0.95,0.5413156184451391,1.0,0.6789209329115973
0.5,0.8,60,1.0,0.5566117251719438,1.0,0.6896282076203606
0.5,0.8,60,1.05,0.565519545495684,0.8408964152537148,0.6481326064230932
0.5,0.8,60,1.1,0.5707923943912033,0.707106781186548,0.6116867104298067
0.5,0.85,10,0.9,0.5328427287409507,0.9128180708310308,0.6468353313679747
0.5,0.85,10,0.95,0.5514567986992818,0.8333912727132441,0.6360371409034704
0.5,0.85,10,1.0,0.5670637875186136,0.7304482271140724,0.6160791193972512
0.5,0.85,10,1.05,0.5761377763373534,0.6095078528049467,0.5861487992776313
0.5,0.85,10,1.1,0.5819123249483247,0.5059011446930328,0.5591089708717372
0.5,0.85,20,0.9,0.5271336849617583,1.0,0.6689935794732307
0.5,0.85,20,0.95,0.5451983839092363,1.0,0.6816388687364654
0.5,0.85,20,1.0,0.561467235171239,0.9973442734059292,0.692230346641646
0.5,0.85,20,1.05,0.5704268683759987,0.8385759421544334,0.650871590509529
0.5,0.85,20,1.1,0.5753550227322937,0.7050625613819612,0.6142672843271939
0.5,0.85,40,0.9,0.5255133244704921,1.0,0.6678593271293445
0.5,0.85,40,0.95,0.5428119976491601,1.0,0.679968398354412
0.5,0.85,40,1.0,0.5585020822410085,0.9999999118617937,0.690951431127244
0.5,0.85,40,1.05,0.567473493604274,0.8408963411386131,0.6495003478645758
0.5,0.85,40,1.1,0.5718683739660243,0.7071067188634247,0.6124398774352444
0.5,0.85,60,0.9,0.5246871233107322,1.0,0.6672809863175124
0.5,0.85,60,0.95,0.5422730897879882,1.0,0.6795911628515916
0.5,0.85,60,1.0,0.5576205713507214,1.0,0.6903343999455049
0.5,0.85,60,1.05,0.5664911023693726,0.8408964152537148,0.6488126962346752
0.5,0.85,60,1.1,0.5713518687925447,0.707106781186548,0.6120783425107457
0.5,0.9,10,0.9,0.5330885449057066,0.912818010822271,0.6470073846806759
0.5,0.9,10,0.95,0.5515579639114488,0.8333911374709052,0.6361079159792857
0.5,0.9,10,1.0,0.5675404594380152,0.7304481157320274,0.6164127563262188
0.5,0.9,10,1.05,0.5773291322846643,0.6095077610539069,0.586982720915437
0.5,0.9,10,1.1,0.5838393031392651,0.5059010690970414,0.5604578329265979
0.5,0.9,20,0.9,0.5276735112009382,1.0,0.6693714578406567
0.5,0.9,20,0.95,0.5456404251151968,1.0,0.6819482975806377
0.5,0.9,20,1.0,0.562164464811926,0.9973445368843571,0.6927184864336553
0.5,0.9,20,1.05,0.5720413722706357,0.8385762377968551,0.6520018319285015
0.5,0.9,20,1.1,0.577362394789411,0.7050628722844191,0.6156725380379133
0.5,0.9,40,0.9,0.5263232444921332,1.0,0.6684262711444933
0.5,0.9,40,0.95,0.544043468951681,1.0,0.6808304282661767
0.5,0.9,40,1.0,0.5605003961965184,0.9999999118617937,0.6923502508961009
0.5,0.9,40,1.05,0.5702353947462543,0.8408963411386131,0.6514336786639618
0.5,0.9,40,1.1,0.5751473212511429,0.7071067188634247,0.6147351405348274
0.5,0.9,60,0.9,0.5269655837286378,1.0,0.6688759086100464
0.5,0.9,60,0.95,0.5445058034884402,1.0,0.6811540624419081
0.5,0.9,60,1.0,0.5608232054497588,1.0,0.6925762438148311
0.5,0.9,60,1.05,0.5709283181873563,0.8408964152537148,0.6519187473072638
0.5,0.9,60,1.1,0.5756663016966574,0.707106781186548,0.6150984455436246
0.55,0.65,10,0.9,0.5357296653775201,0.7971048595090351,0.6141422236169746
0.55,0.65,10,0.95,0.5513898373401407,0.7067736726240903,0.5980049879253255
0.55,0.65,10,1.0,0.5638204900535876,0.6221949449367034,0.5813328265185222
0.55,0.65,10,1.05,0.5723205421242559,0.5194745045089741,0.5564667308396714
0.55,0.65,10,1.1,0.576798553427098,0.4293194464662172,0.5325548213388337
0.55,0.65,20,0.9,0.5319045152079734,1.0,0.6723331606455814
0.55,0.65,20,0.95,0.5490200196780506,1.0,0.6843140137746353
0.55,0.65,20,1.0,0.5635462911114617,0.9928113881161419,0.6923258202128657
0.55,0.65,20,1.05,0.5716015192660585,0.8346164458193439,0.6505059972320442
0.55,0.65,20,1.1,0.576863869346192,0.7015760963342407,0.6142775374426066
0.55,0.65,40,0.9,0.5317702425023,1.0,0.6722391697516099
0.55,0.65,40,0.95,0.5481753748738509,1.0,0.6837227624116956
0.55,0.65,40,1.0,0.562845990876868,0.9999988542043128,0.6939918498751014
0.55,0.65,40,1.05,0.5719436516980988,0.8408954517582288,0.6526291917161378
0.55,0.65,40,1.1,0.5777472998383727,0.7071058463406427,0.6165548637890537
0.55,0.65,60,0.9,0.5322189677250151,1.0,0.6725532774075105
0.55,0.65,60,0.95,0.548351295216574,1.0,0.6838459066516018
0.55,0.65,60,1.0,0.5629897472636272,1.0,0.6940928230845389
0.55,0.65,60,1.05,0.5723105566090251,0.8408964152537148,0.6528863142024319
0.55,0.65,60,1.1,0.5780078209437236,0.707106781186548,0.6167375090165709
0.55,0.7,10,0.9,0.5351140018892963,0.7971048595090351,0.6137112591752178
0.55,0.7,10,0.95,0.5516463501857194,0.7067736726240903,0.5981845469172307
0.55,0.7,10,1.0,0.5650187356830887,0.6221949449367034,0.5821715984591731
0.55,0.7,10,1.05,0.5738719151252927,0.5194745045089741,0.557552691940397
0.55,0.7,10,1.1,0.579275713073846,0.4293194464662172,0.5342888330915573
0.55,0.7,20,0.9,0.5309587259873434,1.0,0.6716711081911404
0.55,0.7,20,0.95,0.5487853233660214,1.0,0.6841497263562148
0.55,0.7,20,1.0,0.5636932259107791,0.9928113881161419,0.692428674572388
0.55,0.7,20,1.05,0.5721967378802703,0.8346164458193439,0.6509226502619923
0.55,0.7,20,1.1,0.5776391684908895,0.7015760963342407,0.6148202468438948
0.55,0.7,40,0.9,0.5303794941680978,1.0,0.6712656459176685
0.55,0.7,40,0.95,0.5473555175588579,1.0,0.6831488622912005
0.55,0.7,40,1.0,0.5620052772755486,0.9999988542043128,0.6934033503541779
0.55,0.7,40,1.05,0.5714659014205837,0.8408954517582288,0.6522947665218772
0.55,0.7,40,1.1,0.5776716688871436,0.7071058463406427,0.6165019221231933
0.55,0.7,60,0.9,0.5309066830546515,1.0,0.6716346781382561
0.55,0.7,60,0.95,0.547396387172147,1.0,0.6831774710205029
0.55,0.7,60,1.0,0.5619069871970895,1.0,0.6933348910379626
0.55,0.7,60,1.05,0.5714922543170126,0.8408964152537148,0.6523135025980232
0.55,0.7,60,1.1,0.5778352877175741,0.707106781186548,0.6166167357582663
0.55,0.75,10,0.9,0.534387996439888,0.7971047923366184,0.6132030352089071
0.55,0.75,10,0.95,0.551571606952364,0.7067736180461268,0.5981322102804928
0.55,0.75,10,1.0,0.5661461104776216,0.622194900591788,0.5829607475118715
0.55,0.75,10,1.05,0.5752673424754713,0.5194744684784702,0.558529480276371
0.55,0.75,10,1.1,0.5807071071993518,0.4293194171912317,0.5352908001969158
0.55,0.75,20,0.9,0.5301950951628347,1.0,0.6711365666139842
0.55,0.75,20,0.95,0.5481682016418687,1.0,0.6837177411493081
0.55,0.75,20,1.0,0.5639541251474026,0.992811388948849,0.6926113042878366
0.55,0.75,20,1.05,0.5726937322188292,0.8346165206921439,0.6512705687608236
0.55,0.75,20,1.1,0.5779636949702598,0.7015762211209245,0.6150474528154591
0.55,0.75,40,0.9,0.5289224180909913,1.0,0.6702456926636939
0.55,0.75,40,0.95,0.5465769821921099,1.0,0.6826038875344769
0.55,0.75,40,1.0,0.5623388278541819,0.9999988542043128,0.6936368357592211
0.55,0.75,40,1.05,0.5719542217255734,0.8408954517582288,0.65263659073537
0.55,0.75,40,1.1,0.5778956768181905,0.7071058463406427,0.6166587276749261
0.55,0.75,60,0.9,0.5291900659678183,1.0,0.6704330461774728
0.55,0.75,60,0.95,0.5466795522114523,1.0,0.6826756865480166
0.55,0.75,60,1.0,0.562460998422081,1.0,0.6937226988954566
0.55,0.75,60,1.05,0.5723561755028544,0.8408964152537148,0.6529182474281126
0.55,0.75,60,1.1,0.578449900192984,0.707106781186548,0.6170469644910532
0.55,0.8,10,0.9,0.533969434697569,0.7971048595090351,0.6129100621410087
0.55,0.8,10,0.95,0.5518595231294318,0.7067736726240903,0.5983337679778293
0.55,0.8,10,1.0,0.5672235564329997,0.6221949449367034,0.5837149729841108
0.55,0.8,10,1.05,0.5763625541497418,0.5194745045089741,0.5592961392575114
0.55,0.8,10,1.1,0.582106469463474,0.4293194464662172,0.5362703625642969
0.55,0.8,20,0.9,0.5297379472323294,1.0,0.6708165630626306
0.55,0.8,20,0.95,0.5473767440736049,1.0,0.6831637208515234
0.55,0.8,20,1.0,0.5643266662466067,0.9928114755770165,0.6928721090457296
0.55,0.8,20,1.05,0.5732015005311412,0.8346165934745662,0.6516260284141686
0.55,0.8,20,1.1,0.5784077399600933,0.7015762822705184,0.6153583026532208
0.55,0.8,40,0.9,0.5283506881747561,1.0,0.6698454817223292
0.55,0.8,40,0.95,0.5460183001293798,1.0,0.6822128100905658
0.55,0.8,40,1.0,0.5618969519406002,0.9999988542043128,0.693327522619714
0.55,0.8,40,1.05,0.5719839407427513,0.8408954517582288,0.6526573940473945
0.55,0.8,40,1.1,0.5778904425254566,0.7071058463406427,0.6166550636700124
0.55,0.8,60,0.9,0.5285501849762536,1.0,0.6699851294833775
0.55,0.8,60,0.95,0.5459926618154682,1.0,0.6821948632708277
0.55,0.8,60,1.0,0.5616557821075953,1.0,0.6931590474753166
0.55,0.8,60,1.05,0.5721070348972959,0.8408964152537148,0.6527438490042214
0.55,0.8,60,1.1,0.5782412842088053,0.707106781186548,0.616900933302128
0.55,0.85,10,0.9,0.5338515949972347,0.7971048299093724,0.6128275654708759
0.55,0.85,10,0.95,0.5520800797976044,0.7067736476045896,0.5984881501396999
0.55,0.85,10,1.0,0.5684382967609254,0.6221949238454128,0.5845652848862716
0.55,0.85,10,1.05,0.5775802365664728,0.5194744867720893,0.5601485116281577
0.55,0.85,10,1.1,0.5835580546716266,0.4293194315828056,0.5372864677449802
0.55,0.85,20,0.9,0.5294208183042519,1.0,0.6705945728129763
0.55,0.85,20,0.95,0.5474452258414798,1.0,0.6832116580890358
0.55,0.85,20,1.0,0.5643828806676653,0.9928113877857745,0.6929114328030981
0.55,0.85,20,1.05,0.5743560262984934,0.8346165196657729,0.6524341743086772
0.55,0.85,20,1.1,0.5798586664748909,0.7015762202172211,0.61637393259759
0.55,0.85,40,0.9,0.5296277016913209,1.0,0.6707393911839246
0.55,0.85,40,0.95,0.546735867839718,1.0,0.6827151074878025
0.55,0.85,40,1.0,0.5629633141162831,0.9999988542043128,0.694073976142692
0.55,0.85,40,1.05,0.573394801980979,0.8408954517582288,0.653644996914154
0.55,0.85,40,1.1,0.5789475314312987,0.7071058463406427,0.6173950259041019
0.55,0.85,60,0.9,0.5296926347529533,1.0,0.6707848443270672
0.55,0.85,60,0.95,0.5469501362525413,1.0,0.6828650953767789
0.55,0.85,60,1.0,0.5626646281141124,1.0,0.6938652396798787
0.55,0.85,60,1.05,0.5730785927497155,0.8408964152537148,0.6534239395009153
0.55,0.85,60,1.1,0.5788007582204117,0.707106781186548,0.6172925651102525
0.55,0.9,10,0.9,0.5339865361146771,0.7971047923366184,0.6129220129812594
0.55,0.9,10,0.95,0.5522576562028304,0.7067736180461268,0.5986124447558193
0.55,0.9,10,1.0,0.5691223689540374,0.622194900591788,0.5850441284453626
0.55,0.9,10,1.05,0.579247144593803,0.5194744684784702,0.5613153417592032
0.55,0.9,10,1.1,0.5853751887568135,0.4293194171912317,0.5385584572871389
0.55,0.9,20,0.9,0.5299791456685022,1.0,0.6709854019679515
0.55,0.9,20,0.95,0.5478700260446042,1.0,0.6835090182312229
0.55,0.9,20,1.0,0.5650814430066924,0.992811388948849,0.6934004267893393
0.55,0.9,20,1.05,0.5759803841336947,0.8346165206921439,0.6535712251012294
0.55,0.9,20,1.1,0.5818928674224308,0.7015762211209245,0.6177978735319789
0.55,0.9,40,0.9,0.5304376269623449,1.0,0.6713063388736413
0.55,0.9,40,0.95,0.5479671701584449,1.0,0.6835770191109114
0.55,0.9,40,1.0,0.5649616052760986,0.9999988542043128,0.6954727799545628
0.55,0.9,40,1.05,0.5761567065631473,0.8408954517582288,0.6555783301216718
0.55,0.9,40,1.1,0.582226572208476,0.7071058463406427,0.6196903544481259
0.55,0.9,60,0.9,0.531971094834278,1.0,0.6723797663839945
0.55,0.9,60,0.95,0.5491828486653455,1.0,0.6844279940657418
0.55,0.9,60,1.0,0.5658672609509958,1.0,0.696107082665697
0.55,0.9,60,1.05,0.5775158133469622,0.8408964152537148,0.6565299939189879
0.55,0.9,60,1.1,0.5831151942437224,0.707106781186548,0.62031267032657
0.6,0.65,10,0.9,0.5369679637212241,0.6470220218695532,0.5699841811657228
0.6,0.65,10,0.95,0.5525101832330238,0.5687871431845903,0.5573932712184937
0.6,0.65,10,1.0,0.5659332718742935,0.5061504902592424,0.5479984373897782
0.6,0.65,10,1.05,0.5751943095859142,0.42588395924681,0.5304012044841829
0.6,0.65,10,1.1,0.5788170267447555,0.35104518412276936,0.5104854739581597
0.6,0.65,20,0.9,0.5355523774977079,1.0,0.6748866642483955
0.6,0.65,20,0.95,0.5523891024198793,1.0,0.6866723716939154
0.6,0.65,20,1.0,0.567318200840986,0.9806783308090595,0.6913262398314081
0.6,0.65,20,1.05,0.5762696647962088,0.8240282390803357,0.6505972370814468
0.6,0.65,20,1.1,0.5799424803801229,0.6922598183305152,0.6136376817652406
0.6,0.65,40,0.9,0.535779613219184,1.0,0.6750457292534288
0.6,0.65,40,0.95,0.5521314710249939,1.0,0.6864920297174957
0.6,0.65,40,1.0,0.5673456955598505,0.9999920676222144,0.6971396071785596
0.6,0.65,40,1.05,0.5771523515842758,0.8408896708342791,0.6562735473592768
0.6,0.65,40,1.1,0.5822317011623978,0.7071006735727103,0.6196923928854915
0.6,0.65,60,0.9,0.5360416175268392,1.0,0.6752291322687873
0.6,0.65,60,0.95,0.5522490547429595,1.0,0.6865743383200715
0.6,0.65,60,1.0,0.5672736749231752,1.0,0.6970915724462226
0.6,0.65,60,1.05,0.5771725270849148,0.8408964152537148,0.6562896935355549
0.6,0.65,60,1.1,0.5820958407011313,0.707106781186548,0.6195991228467563
0.6,0.7,10,0.9,0.5365068440166133,0.6470219447425148,0.5696613742343837
0.6,0.7,10,0.95,0.5526843982110315,0.5687870800354675,0.5575152027583623
0.6,0.7,10,1.0,0.5670022078778056,0.5061504385547845,0.5487466770808993
0.6,0.7,10,1.05,0.5769132383708402,0.4258839169128583,0.5316044419334456
0.6,0.7,10,1.1,0.5813724726900635,0.35104514946111204,0.5122742757213781
0.6,0.7,20,0.9,0.5347762031896828,1.0,0.6743433422327779
0.6,0.7,20,0.95,0.5522154001763766,1.0,0.6865507801234636
0.6,0.7,20,1.0,0.5674049135066657,0.9806782436105936,0.691386912537844
0.6,0.7,20,1.05,0.5770265729716011,0.8240281657947413,0.6511270508185432
0.6,0.7,20,1.1,0.5821256485949855,0.6922597567379581,0.6151658810378773
0.6,0.7,40,0.9,0.534430876078432,1.0,0.6741016132549024
0.6,0.7,40,0.95,0.551401007808808,1.0,0.6859807054661655
0.6,0.7,40,1.0,0.566494758262056,0.9999920676222144,0.6965439510701035
0.6,0.7,40,1.05,0.5766743356024443,0.8408896708342791,0.6559389361719947
0.6,0.7,40,1.1,0.5822912902419535,0.7071006735727103,0.6197341052411804
0.6,0.7,60,0.9,0.5347365566449211,1.0,0.6743155896514448
0.6,0.7,60,0.95,0.551337580780321,1.0,0.6859363065462247
0.6,0.7,60,1.0,0.5661600138235848,1.0,0.6963120096765094
0.6,0.7,60,1.05,0.5763951968262686,0.8408964152537148,0.6557455623545024
0.6,0.7,60,1.1,0.5819606236178718,0.707106781186548,0.6195044708884747
0.6,0.75,10,0.9,0.5362026708116656,0.6470219447425148,0.5694484529909203
0.6,0.75,10,0.95,0.5528632848862706,0.5687870800354675,0.5576404234310296
0.6,0.75,10,1.0,0.5680165311225409,0.5061504385547845,0.549456703352214
0.6,0.75,10,1.05,0.5781105245010137,0.4258839169128583,0.5324425422245671
0.6,0.75,10,1.1,0.5832374032156956,0.35104514946111204,0.5135797270893205
0.6,0.75,20,0.9,0.5340236808868795,1.0,0.6738165766208155
0.6,0.75,20,0.95,0.5517642845703217,1.0,0.6862349991992251
0.6,0.75,20,1.0,0.5676916572690258,0.9806781595158597,0.6915876079430759
0.6,0.75,20,1.05,0.5774350779683787,0.824028095245625,0.6514129831515525
0.6,0.75,20,1.1,0.582480856975862,0.6922596975526107,0.6154145091488866
0.6,0.75,40,0.9,0.5329731376176886,1.0,0.673081196332382
0.6,0.75,40,0.95,0.5506523633180247,1.0,0.6854566543226173
0.6,0.75,40,1.0,0.5668202035407061,0.9999920676222144,0.6967717627651586
0.6,0.75,40,1.05,0.5771587390460731,0.8408896708342791,0.6562780185825349
0.6,0.75,40,1.1,0.5825779489221937,0.7071006735727103,0.6199347663173487
0.6,0.75,60,0.9,0.5330195201255483,1.0,0.6731136640878839
0.6,0.75,60,0.95,0.5506237531088825,1.0,0.6854366271762177
0.6,0.75,60,1.0,0.566713528685967,1.0,0.696699470080177
0.6,0.75,60,1.05,0.5772547925846618,0.8408964152537148,0.6563472793853777
0.6,0.75,60,1.1,0.5825744598631499,0.707106781186548,0.6199341562601693
0.6,0.8,10,0.9,0.53621978178359,0.6470220043306917,0.5694604485477205
0.6,0.8,10,0.95,0.5531425217127202,0.5687871299585899,0.5578359041864811
0.6,0.8,10,1.0,0.5692914696641954,0.5061504802855605,0.5503491728506049
0.6,0.8,10,1.05,0.5793153814202323,0.42588395924681,0.5332859547682056
0.6,0.8,10,1.1,0.5847599520932839,0.3510451727794659,0.5146455182991385
0.6,0.8,20,0.9,0.5335512320073169,1.0,0.6734858624051219
0.6,0.8,20,0.95,0.5510115199169642,1.0,0.6857080639418749
0.6,0.8,20,1.0,0.5681146138122333,0.9806783299201339,0.6918837286446033
0.6,0.8,20,1.05,0.5778468189384592,0.8240283124735659,0.6517012669989912
0.6,0.8,20,1.1,0.5830585937725723,0.692259880018252,0.6158189796462762
0.6,0.8,40,0.9,0.5324001705096439,1.0,0.6726801193567506
0.6,0.8,40,0.95,0.5500940384313852,1.0,0.6850658269019696
0.6,0.8,40,1.0,0.5663903976819306,0.9999920676222144,0.6964708986640157
0.6,0.8,40,1.05,0.5771834790471737,0.8408896708342791,0.6562953365833053
0.6,0.8,40,1.1,0.5825698689162816,0.7071006735727103,0.6199291103132102
0.6,0.8,60,0.9,0.5323791969091124,1.0,0.6726654378363787
0.6,0.8,60,0.95,0.5499365328804025,1.0,0.6849555730162817
0.6,0.8,60,1.0,0.565908063068815,1.0,0.6961356441481705
0.6,0.8,60,1.05,0.577006606039277,0.8408964152537148,0.6561735488036083
0.6,0.8,60,1.1,0.5823656214489249,0.707106781186548,0.6197879693702117
0.6,0.85,10,0.9,0.5362713159458099,0.6470219622813824,0.5694965098464817
0.6,0.85,10,0.95,0.5540216557506048,0.5687870932614726,0.5584512870038651
0.6,0.85,10,1.0,0.5702216033936864,0.5061504485284699,0.5510002569341215
0.6,0.85,10,1.05,0.5806109304217286,0.4258838544209531,0.5341928076214959
0.6,0.85,10,1.1,0.5866328397489959,0.35104508412275975,0.5159565130611251
0.6,0.85,20,0.9,0.5332609330374494,1.0,0.6732826531262146
0.6,0.85,20,0.95,0.5511015513345005,1.0,0.6857710859341503
0.6,0.85,20,1.0,0.5683354477852955,0.9806782436105936,0.6920382865328849
0.6,0.85,20,1.05,0.579056484359264,0.8240281657947413,0.6525479887899072
0.6,0.85,20,1.1,0.584591519073907,0.6922597567379581,0.6168919903731224
0.6,0.85,40,0.9,0.5336762274724933,1.0,0.6735733592307453
0.6,0.85,40,0.95,0.5508101103818248,1.0,0.6855670772672773
0.6,0.85,40,1.0,0.5674566489783317,0.9999920676222144,0.6972172745714965
0.6,0.85,40,1.05,0.5786132863393396,0.8408896708342791,0.6572962016878214
0.6,0.85,40,1.1,0.5836259635704488,0.7071006735727103,0.6206683765711273
0.6,0.85,60,0.9,0.53352161672442,1.0,0.673465131707094
0.6,0.85,60,0.95,0.5508938787145077,1.0,0.6856257151001554
0.6,0.85,60,1.0,0.566916899496121,1.0,0.6968418296472847
0.6,0.85,60,1.05,0.5779781486154298,0.8408964152537148,0.6568536286069153
0.6,0.85,60,1.1,0.5829250745486243,0.707106781186548,0.6201795865400014
0.6,0.9,10,0.9,0.5364872204581614,0.6470220218695532,0.5696476608815789
0.6,0.9,10,0.95,0.5547590666489568,0.5687871431845903,0.5589674896096468
0.6,0.9,10,1.0,0.5716247912551342,0.5061504902592424,0.5519825009563667
0.6,0.9,10,1.05,0.5821605570574081,0.4258838817126523,0.5352775544539813
0.6,0.9,10,1.1,0.5881297916139495,0.3510451187844171,0.5170043897650898
0.6,0.9,20,0.9,0.5338380207658886,1.0,0.673686614536122
0.6,0.9,20,0.95,0.5514793090994945,1.0,0.6860355163696461
0.6,0.9,20,1.0,0.569068840707125,0.9806784171185998,0.6925517136305674
0.6,0.9,20,1.05,0.5807026446140567,0.8240283857591604,0.6537003669575878
0.6,0.9,20,1.1,0.5866934634399003,0.692259941610809,0.6183634068911729
0.6,0.9,40,0.9,0.5344859661749355,1.0,0.6741401763224548
0.6,0.9,40,0.95,0.5520411843391339,1.0,0.6864288290373937
0.6,0.9,40,1.0,0.569454808179835,0.9999920676222144,0.6986159860125487
0.6,0.9,40,1.05,0.581375373713936,0.8408896708342791,0.6592296628500389
0.6,0.9,40,1.1,0.5869055959892886,0.7071006735727103,0.6229641192643152
0.6,0.9,60,0.9,0.5358000798309042,1.0,0.6750600558816329
0.6,0.9,60,0.95,0.5531265919376525,1.0,0.6871886143563567
0.6,0.9,60,1.0,0.5701195369838943,1.0,0.699083675888726
0.6,0.9,60,1.05,0.5824153664952343,0.8408964152537148,0.6599596811227784
0.6,0.9,60,1.1,0.5872395103689687,0.707106781186548,0.6231996916142425
0.65,0.7,10,0.9,0.5391579677128838,0.4943019379383025,0.5257011587805094
0.65,0.7,10,0.95,0.5554735599874898,0.4426608718860265,0.5216297535570508
0.65,0.7,10,1.0,0.5708126061101497,0.402114478648169,0.5202031678715555
0.65,0.7,10,1.05,0.5807035227157838,0.3464905607807547,0.510439634135275
0.65,0.7,10,1.1,0.5841089187131212,0.2860576421939594,0.4946935357573726
0.65,0.7,20,0.9,0.5398542731476321,1.0,0.6778979912033425
0.65,0.7,20,0.95,0.5569522821085194,1.0,0.6898665974759636
0.65,0.7,20,1.0,0.571551801715663,0.9490434950117022,0.6847993097044747
0.65,0.7,20,1.05,0.5813882975788339,0.7964898953799752,0.6459187769191762
0.65,0.7,20,1.1,0.5851566112672115,0.668078603406137,0.6100332089088891
0.65,0.7,40,0.9,0.5392626060916519,1.0,0.6774838242641563
0.65,0.7,40,0.95,0.5559654888148108,1.0,0.6891758421703675
0.65,0.7,40,1.0,0.5710442132078095,0.999940598290497,0.6997131287326157
0.65,0.7,40,1.05,0.5814066700454851,0.8408445378602616,0.659238030389918
0.65,0.7,40,1.1,0.5853415406994058,0.7070608519927469,0.6218573340874081
0.65,0.7,60,0.9,0.5395242152921789,1.0,0.6776669507045252
0.65,0.7,60,0.95,0.5559253316783842,1.0,0.6891477321748689
0.65,0.7,60,1.0,0.5708699158823115,0.9999999118617937,0.6996089146761562
0.65,0.7,60,1.05,0.5811531478724958,0.8408963411386131,0.659076105852331
0.65,0.7,60,1.1,0.5851134547050412,0.7071067188634247,0.6217114339525562
0.65,0.75,10,0.9,0.539071547054204,0.4943019242437821,0.5256406602110775
0.65,0.75,10,0.95,0.5555506059380155,0.4426608607327444,0.5216836823764341
0.65,0.75,10,1.0,0.5717231478267323,0.4021144696356849,0.5208405443694181
0.65,0.75,10,1.05,0.5821208819511107,0.34649055354534763,0.5114317834293818
0.65,0.75,10,1.1,0.5861798716158573,0.28605763641679427,0.49614320105613835
0.65,0.75,20,0.9,0.5392777484713874,1.0,0.6774944239299712
0.65,0.75,20,0.95,0.556517378053989,1.0,0.6895621646377923
0.65,0.75,20,1.0,0.5717155243846394,0.9490434950117022,0.6849139155727582
0.65,0.75,20,1.05,0.5822498141892051,0.7964898953799752,0.6465218385464361
0.65,0.75,20,1.1,0.5863805628098941,0.668078603406137,0.610889974988767
0.65,0.75,40,0.9,0.5377795822206667,1.0,0.6764457075544666
0.65,0.75,40,0.95,0.5553153507064693,1.0,0.6887207454945286
0.65,0.75,40,1.0,0.5713422436411464,0.999940598290497,0.6999217500359516
0.65,0.75,40,1.05,0.5819468340835734,0.8408445378602616,0.6596161452165799
0.65,0.75,40,1.1,0.5861551256746808,0.7070608519927469,0.6224268435701006
0.65,0.75,60,0.9,0.5377943841476549,1.0,0.6764560689033584
0.65,0.75,60,0.95,0.5552246683043535,1.0,0.6886572678130474
0.65,0.75,60,1.0,0.5714131608952384,0.9999999118617937,0.699989186185205
0.65,0.75,60,1.05,0.5820021621180572,0.8408963411386131,0.6596704158242239
0.65,0.75,60,1.1,0.5860371915086705,0.7071067188634247,0.6223580497150967
0.65,0.8,10,0.9,0.5391953173911858,0.4943019379383025,0.5257273035553207
0.65,0.8,10,0.95,0.5561363341503115,0.4426608718860265,0.522093695471026
0.65,0.8,10,1.0,0.5726793870709339,0.402114478648169,0.5215099145441044
0.65,0.8,10,1.05,0.5836356037376123,0.3464905607807547,0.512492090850555
0.65,0.8,10,1.1,0.5880674895983592,0.2860576421939594,0.4974645353770392
0.65,0.8,20,0.9,0.5387460975911874,1.0,0.6771222683138312
0.65,0.8,20,0.95,0.5561835820811046,1.0,0.6893285074567732
0.65,0.8,20,1.0,0.5721509628944412,0.9490434950117022,0.6852187225296195
0.65,0.8,20,1.05,0.5827329757837927,0.7964898953799752,0.6468600516626474
0.65,0.8,20,1.1,0.5870935987496564,0.668078603406137,0.6113891001466005
0.65,0.8,40,0.9,0.5371950501225021,1.0,0.6760365350857515
0.65,0.8,40,0.95,0.5547440260943887,1.0,0.688320818266072
0.65,0.8,40,1.0,0.5710000954659263,0.999940598290497,0.6996822463132975
0.65,0.8,40,1.05,0.5819349909182912,0.8408445378602616,0.6596078550008823
0.65,0.8,40,1.1,0.5862279924615211,0.7070608519927469,0.6224778503208889
0.65,0.8,60,0.9,0.5371513949576824,1.0,0.6760059764703776
0.65,0.8,60,0.95,0.5545336139755219,1.0,0.6881735297828653
0.65,0.8,60,1.0,0.5706192876354401,0.9999999118617937,0.6994334749033462
0.65,0.8,60,1.05,0.5817558793508676,0.8408963411386131,0.6594980178871912
0.65,0.8,60,1.1,0.5858305441188831,0.7071067188634247,0.6222133965422456
0.65,0.85,10,0.9,0.5398516259069442,0.4943019242437821,0.5261867154079956
0.65,0.85,10,0.95,0.5567607590057905,0.4426608607327444,0.5225307895238767
0.65,0.85,10,1.0,0.5737047674719742,0.4021144696356849,0.5222276781210874
0.65,0.85,10,1.05,0.585415025999267,0.34649055354534763,0.5137376842630912
0.65,0.85,10,1.1,0.5901716642739115,0.28605763641679427,0.4989374559167763
0.65,0.85,20,0.9,0.5385230035123818,1.0,0.6769661024586673
0.65,0.85,20,0.95,0.5562227733838518,1.0,0.6893559413686963
0.65,0.85,20,1.0,0.5725434024389261,0.9490434950117022,0.6854934302107589
0.65,0.85,20,1.05,0.5840604710270196,0.7964898953799752,0.6477892983329062
0.65,0.85,20,1.1,0.5888195797876271,0.668078603406137,0.61259728687318
0.65,0.85,40,0.9,0.5384681776567923,1.0,0.6769277243597547
0.65,0.85,40,0.95,0.5554473461512464,1.0,0.6888131423058724
0.65,0.85,40,1.0,0.5720660462231257,0.999940598290497,0.700428411843337
0.65,0.85,40,1.05,0.5833786330140491,0.8408445378602616,0.6606184044679129
0.65,0.85,40,1.1,0.5872912017586819,0.7070608519927469,0.6232220968289014
0.65,0.85,60,0.9,0.5382929768209057,1.0,0.676805083774634
0.65,0.85,60,0.95,0.5554903112251817,1.0,0.6888432178576271
0.65,0.85,60,1.0,0.5716279635261227,0.9999999118617937,0.700139548026824
0.65,0.85,60,1.05,0.5827480933015801,0.8408963411386131,0.66019256765269
0.65,0.85,60,1.1,0.5863899150813149,0.7071067188634247,0.6226049562159478
0.65,0.9,10,0.9,0.5409345466860385,0.4943019481976235,0.526944767139514
0.65,0.9,10,0.95,0.5579430784470545,0.4426608791117921,0.5233584186464757
0.65,0.9,10,1.0,0.5746756866953643,0.4021144837373643,0.5229073258079643
0.65,0.9,10,1.05,0.5869786515766092,0.34649056436513737,0.5148322254131676
0.65,0.9,10,1.1,0.592515114495766,0.28605764471848405,0.5005778735625813
0.65,0.9,20,0.9,0.5390205170738533,1.0,0.6773143619516973
0.65,0.9,20,0.95,0.556585777397598,1.0,0.6896100441783186
0.65,0.9,20,1.0,0.5734688039863481,0.9490435806203796,0.6861412369765576
0.65,0.9,20,1.05,0.585829604672385,0.796489967263289,0.6490277134496562
0.65,0.9,20,1.1,0.5911431006736092,0.6680786637645881,0.6142237696009029
0.65,0.9,40,0.9,0.5392793076302257,1.0,0.6774955153411579
0.65,0.9,40,0.95,0.5566811486609348,1.0,0.6896768040626543
0.65,0.9,40,1.0,0.5740633378872531,0.999940598290497,0.7018265160082262
0.65,0.9,40,1.05,0.5861569335540358,0.8408445378602616,0.6625632148459035
0.65,0.9,40,1.1,0.590577166776306,0.7070608519927469,0.6255222723412383
0.65,0.9,60,0.9,0.5405714773691825,1.0,0.6784000341584278
0.65,0.9,60,0.95,0.5577229779069003,1.0,0.6904060845348301
0.65,0.9,60,1.0,0.5748306585160126,0.9999999118617937,0.7023814345197468
0.65,0.9,60,1.05,0.5871853602199859,0.8408963411386131,0.6632986544955741
0.65,0.9,60,1.1,0.5907044044324941,0.7071067188634247,0.6256250987617732
0.7,0.75,10,0.9,0.5435226935661213,0.3765719852689159,0.4934374810769596
0.7,0.75,10,0.95,0.5600901353591226,0.34746575362582605,0.4963028208391336
0.7,0.75,10,1.0,0.576010725645854,0.32516097821476597,0.5007558014165275
0.7,0.75,10,1.05,0.5858116541698865,0.29480667250793485,0.49851015967130097
0.7,0.75,10,1.1,0.589872091659732,0.2450966662846618,0.48643946404721095
0.7,0.75,20,0.9,0.5460822061401682,1.0,0.6822575442981178
0.7,0.75,20,0.95,0.5622802219529265,0.96401077051695,0.6827993865221336
0.7,0.75,20,1.0,0.577055583558824,0.8720729529206583,0.6655607943673743
0.7,0.75,20,1.05,0.5866041472977237,0.7299267390448861,0.6296009248218724
0.7,0.75,20,1.1,0.5899916359072696,0.6099379952676786,0.5959755437153922
0.7,0.75,40,0.9,0.54450787093606,1.0,0.681155509655242
0.7,0.75,40,0.95,0.5617355023032773,1.0,0.693214851612294
0.7,0.75,40,1.0,0.576949261121096,0.999561260034002,0.7037328607949678
0.7,0.75,40,1.05,0.585396421527805,0.8405123771265968,0.6619312082074424
0.7,0.75,40,1.1,0.5880730182004552,0.7067682785211653,0.6236815962966682
0.7,0.75,60,0.9,0.5438997685970295,1.0,0.6807298380179205
0.7,0.75,60,0.95,0.5614354177226418,1.0,0.6930047924058492
0.7,0.75,60,1.0,0.5766815693455078,0.9999986779284284,0.703676701920384
0.7,0.75,60,1.05,0.5847913434833913,0.8408953035284696,0.6616225314969149
0.7,0.75,60,1.1,0.5874414485590799,0.7071057216948134,0.6233407304998
0.7,0.8,10,0.9,0.543846688763853,0.37657198381997514,0.4936642772806896
0.7,0.8,10,0.95,0.5605834984926564,0.3474657527104706,0.49664817475800066
0.7,0.8,10,1.0,0.5766715143264443,0.32516097763649826,0.5012183533194604
0.7,0.8,10,1.05,0.5871746299747918,0.29480667214261913,0.4994642426251399
0.7,0.8,10,1.1,0.5917058921358627,0.245096666053877,0.48772312431126696
0.7,0.8,20,0.9,0.5458007251194875,1.0,0.6820605075836412
0.7,0.8,20,0.95,0.5620543512941307,0.96401077051695,0.6826412770609764
0.7,0.8,20,1.0,0.5773168919100469,0.8720729529206583,0.6657437102132303
0.7,0.8,20,1.05,0.5872150705520796,0.7299267390448861,0.6300285710999215
0.7,0.8,20,1.1,0.5907760627001536,0.6099379952676786,0.596524642470411
0.7,0.8,40,0.9,0.543846510513688,1.0,0.6806925573595817
0.7,0.8,40,0.95,0.56148508783087,1.0,0.693039561481609
0.7,0.8,40,1.0,0.5768068135588764,0.999561260034002,0.7036331475014141
0.7,0.8,40,1.05,0.5852644691346187,0.8405123771265968,0.6618388415322121
0.7,0.8,40,1.1,0.5880943728035954,0.7067682785211653,0.6236965445188664
0.7,0.8,60,0.9,0.5432195216318967,1.0,0.6802536651423277
0.7,0.8,60,0.95,0.5606779999317746,1.0,0.6924745999522421
0.7,0.8,60,1.0,0.5763445913231182,0.9999986779284284,0.7034408173047113
0.7,0.8,60,1.05,0.5844926066749483,0.8408953035284696,0.6614134157310047
0.7,0.8,60,1.1,0.5871776150479039,0.7071057216948134,0.6231560470419768
0.7,0.85,10,0.9,0.5448164990169697,0.37657198381997514,0.4943431444578713
0.7,0.85,10,0.95,0.5616527110382545,0.3474657527104706,0.4973966235399193
0.7,0.85,10,1.0,0.5776490281445991,0.32516097763649826,0.5019026129921688
0.7,0.85,10,1.05,0.5888470405793518,0.29480667214261913,0.5006349300483319
0.7,0.85,10,1.1,0.5935397076259155,0.245096666053877,0.4890067951543039
0.7,0.85,20,0.9,0.545941531615191,1.0,0.6821590721306336
0.7,0.85,20,0.95,0.5622291760601948,0.9640108459670784,0.6827636770322598
0.7,0.85,20,1.0,0.5779367795464461,0.8720730152781556,0.6661776502659589
0.7,0.85,20,1.05,0.5886631595148293,0.729926790581695,0.631042248834889
0.7,0.85,20,1.1,0.592586496331093,0.609938037861447,0.5977919587901991
0.7,0.85,40,0.9,0.5451030274379528,1.0,0.6815721192065669
0.7,0.85,40,0.95,0.5621044756470992,1.0,0.6934731329529694
0.7,0.85,40,1.0,0.5779753764185118,0.999561260034002,0.7044511415031589
0.7,0.85,40,1.05,0.5867218324890598,0.8405123771265968,0.6628589958803208
0.7,0.85,40,1.1,0.5891382200917046,0.7067682785211653,0.6244272376205428
0.7,0.85,60,0.9,0.5443564961596195,1.0,0.6810495473117335
0.7,0.85,60,0.95,0.5616325257352947,1.0,0.6931427680147062
0.7,0.85,60,1.0,0.5773547493277533,0.9999985897905329,0.7041479014665871
0.7,0.85,60,1.05,0.5855086116738972,0.8408952294136292,0.6621245969958167
0.7,0.85,60,1.1,0.5877306385084744,0.7071056593719318,0.6235431447675116
0.7,0.9,10,0.9,0.5458550397564845,0.37657198381997514,0.49507012297553166
0.7,0.9,10,0.95,0.5628268304108046,0.3474657527104706,0.49821850710070437
0.7,0.9,10,1.0,0.57930139494885,0.32516097763649826,0.5030592697551445
0.7,0.9,10,1.05,0.590990869038297,0.29480667214261913,0.5021356099695936
0.7,0.9,10,1.1,0.5956803369049292,0.245096666053877,0.49050523564961346
0.7,0.9,20,0.9,0.5462709948465563,1.0,0.6823896963925893
0.7,0.9,20,0.95,0.5628325967836041,0.96401077051695,0.6831860489036079
0.7,0.9,20,1.0,0.5791304301078021,0.8720729529206583,0.6670131869516589
0.7,0.9,20,1.05,0.5909244708140625,0.7299267390448861,0.6326251512833095
0.7,0.9,20,1.1,0.5951452016908968,0.6099379952676786,0.5995830397639313
0.7,0.9,40,0.9,0.5459385172773029,1.0,0.682156962094112
0.7,0.9,40,0.95,0.5633613095431591,1.0,0.6943529166802114
0.7,0.9,40,1.0,0.579995010030921,0.999561260034002,0.7058648850318453
0.7,0.9,40,1.05,0.5895150962118825,0.8405123771265968,0.6648142804862966
0.7,0.9,40,1.1,0.592459501753493,0.7067682785211653,0.6267521347837947
0.7,0.9,60,0.9,0.5466345421881336,1.0,0.6826441795316935
0.7,0.9,60,0.95,0.5638651598564406,1.0,0.6947056118995083
0.7,0.9,60,1.0,0.5805586523355883,0.9999985897905329,0.7063906335720717
0.7,0.9,60,1.05,0.5899484871161463,0.8408952294136292,0.6652325098053911
0.7,0.9,60,1.1,0.5920460006906058,0.7071056593719318,0.6265638982950035
